{
  "company": "Star Health Insurance",
  "coverage_rules": {
    "diabetes": {
      "coverage_percentage": 80,
      "max_coverage_amount": 200000,
      "waiting_period_days": 30,
      "covered": true
    },
    "cancer": {
      "coverage_percentage": 90,
      "max_coverage_amount": 450000,
      "waiting_period_days": 90,
      "covered": true
    },
    "heart_disease": {
      "coverage_percentage": 85,
      "max_coverage_amount": 400000,
      "waiting_period_days": 60,
      "covered": true
    },
    "appendicitis": {
      "coverage_percentage": 75,
      "max_coverage_amount": 150000,
      "waiting_period_days": 0,
      "covered": true
    },
    "cosmetic_surgery": {
      "coverage_percentage": 0,
      "max_coverage_amount": 0,
      "waiting_period_days": 0,
      "covered": false
    },
    "fracture": {
      "coverage_percentage": 70,
      "max_coverage_amount": 100000,
      "waiting_period_days": 0,
      "covered": true
    }
  }
}
