{
  "documents": {
    "claim_id": "CLM-2025-001",
    "policy_id": "POL-001",
    "patient_name": "Rajesh Kumar",
    "hospital_name": "Apollo Hospital",
    "hospital_approved_network": true,
    "patient_id_proof": {
      "type": "Aadhaar Card",
      "verified": true,
      "matches_policy_holder": true
    },
    "doctor_prescription": {
      "present": true,
      "verified": true,
      "doctor_name": "Dr. Suresh Rao",
      "registered_doctor": true
    },
    "hospital_bills": {
      "present": true,
      "total_amount": 120000,
      "verified": true,
      "tampered": false
    },
    "diagnosis_report": {
      "present": true,
      "disease_confirmed": "appendicitis",
      "verified": true
    },
    "discharge_summary": {
      "present": true,
      "verified": true
    }
  }
}
