{
  "policies": [
    {
      "policy_id": "POL-001",
      "holder_name": "Rajesh Kumar",
      "dob": "1985-06-15",
      "insurance_name": "Star Health Insurance",
      "status": "active",
      "start_date": "2023-01-01",
      "expiry_date": "2026-12-31",
      "sum_insured": 500000,
      "covered_diseases": ["diabetes", "cancer", "heart_disease", "appendicitis"]
    },
    {
      "policy_id": "POL-002",
      "holder_name": "Priya Sharma",
      "dob": "1990-09-22",
      "insurance_name": "HDFC Ergo Insurance",
      "status": "inactive",
      "start_date": "2022-01-01",
      "expiry_date": "2025-01-01",
      "sum_insured": 300000,
      "covered_diseases": ["diabetes", "fracture"]
    }
  ]
}
